{
    "Wpn_Equipped": [],
    "Weapons": [
        {
            "WeaponTypeDefinition": "GD_Weap_Pistol.A_Weapons.WeaponType_Hyperion_Pistol",
            "BalanceDefinition": "GD_Weap_Pistol.A_Weapons_Unique.Pistol_Hyperion_3_Fortuna",
            "ManufacturerDefinition": "GD_Manufacturers.Manufacturers.Hyperion",
            "ManufacturerGradeIndex": 50,
            "BodyPartDefinition": "GD_Weap_Pistol.Body.Pistol_Body_Hyperion_3",
            "GripPartDefinition": "GD_Weap_Pistol.Grip.Pistol_Grip_Hyperion",
            "BarrelPartDefinition": "GD_Weap_Pistol.Barrel.Pistol_Barrel_Dahl_Fortuna",
            "SightPartDefinition": "GD_Weap_Pistol.Sight.Pistol_Sight_None",
            "StockPartDefinition": "None",
            "ElementalPartDefinition": "GD_Weap_Pistol.elemental.Pistol_Elemental_None",
            "Accessory1PartDefinition": "GD_Weap_Pistol.Accessory.Pistol_Accessory_Tech_2_Damage",
            "Accessory2PartDefinition": "None",
            "MaterialPartDefinition": "GD_Weap_Pistol.ManufacturerMaterials.Mat_Hyperion_3_Fortuna",
            "PrefixPartDefinition": "GD_Weap_Pistol.Name.Prefix_Hyperion.Prefix_Tech2_Damage",
            "TitlePartDefinition": "GD_Weap_Pistol.Name.Title.Title__Unique_Fortuna",
            "GameStage": 50,
            "UniqueId": 1682714582
        },
        {
            "WeaponTypeDefinition": "GD_Weap_Shotgun.A_Weapons.WT_Jakobs_Shotgun",
            "BalanceDefinition": "GD_Weap_Shotgun.A_Weapons_Unique.SG_Jakobs_3_SuperShotgun",
            "ManufacturerDefinition": "GD_Manufacturers.Manufacturers.Jakobs",
            "ManufacturerGradeIndex": 50,
            "BodyPartDefinition": "GD_Weap_Shotgun.Body.SG_Body_Jakobs_3",
            "GripPartDefinition": "GD_Weap_Shotgun.Grip.SG_Grip_Jakobs",
            "BarrelPartDefinition": "GD_Weap_Shotgun.Barrel.SG_Barrel_Jakobs_SuperShotgun",
            "SightPartDefinition": "GD_Weap_Shotgun.Sight.SG_Sight_None",
            "StockPartDefinition": "GD_Weap_Shotgun.Stock.SG_Stock_Jakobs",
            "ElementalPartDefinition": "None",
            "Accessory1PartDefinition": "None",
            "Accessory2PartDefinition": "None",
            "MaterialPartDefinition": "GD_Weap_Shotgun.ManufacturerMaterials.Mat_Jakobs_3_SuperShotgun",
            "PrefixPartDefinition": "GD_Weap_Shared_Names.Name.Prefix_Jakobs.Prefix_Grip_Jakobs",
            "TitlePartDefinition": "GD_Weap_Shotgun.Name.Title.Title__Unique_SuperShotgun",
            "GameStage": 50,
            "UniqueId": 99956477
        },
        {
            "WeaponTypeDefinition": "GD_Weap_Pistol.A_Weapons.WeaponType_Dahl_Pistol",
            "BalanceDefinition": "GD_Weap_Pistol.A_Weapons_Unique.Pistol_Dahl_3_Hedon",
            "ManufacturerDefinition": "GD_Manufacturers.Manufacturers.Dahl",
            "ManufacturerGradeIndex": 50,
            "BodyPartDefinition": "GD_Weap_Pistol.Body.Pistol_Body_Dahl_3",
            "GripPartDefinition": "GD_Weap_Pistol.Grip.Pistol_Grip_Dahl",
            "BarrelPartDefinition": "GD_Weap_Pistol.Barrel.Pistol_Barrel_Hyperion_Hedon",
            "SightPartDefinition": "GD_Weap_Pistol.Sight.Pistol_Sight_None",
            "StockPartDefinition": "None",
            "ElementalPartDefinition": "GD_Weap_Pistol.elemental.Pistol_Elemental_None",
            "Accessory1PartDefinition": "GD_Weap_Pistol.Accessory.Pistol_Accessory_Bayonet_1_Hedon",
            "Accessory2PartDefinition": "None",
            "MaterialPartDefinition": "GD_Weap_Pistol.ManufacturerMaterials.Mat_Dahl_3_Hedon",
            "PrefixPartDefinition": "GD_Weap_Shared_Names.Name.Prefix_Dahl.Prefix_Grip_Dahl",
            "TitlePartDefinition": "GD_Weap_Pistol.Name.Title.Title__Unique_Hedon",
            "GameStage": 50,
            "UniqueId": 1805456329
        },
        {
            "WeaponTypeDefinition": "GD_Weap_AssaultRifle.A_Weapons.WT_Dahl_AssaultRifle",
            "BalanceDefinition": "GD_Weap_AssaultRifle.A_Weapons_Unique.AR_Dahl_3_Guardian",
            "ManufacturerDefinition": "GD_Manufacturers.Manufacturers.Dahl",
            "ManufacturerGradeIndex": 50,
            "BodyPartDefinition": "GD_Weap_AssaultRifle.Body.AR_Body_Dahl_3",
            "GripPartDefinition": "GD_Weap_AssaultRifle.Grip.AR_Grip_Jakobs",
            "BarrelPartDefinition": "GD_Weap_AssaultRifle.Barrel.AR_Barrel_Bandit_Guardian",
            "SightPartDefinition": "GD_Weap_AssaultRifle.Sight.AR_Sight_None",
            "StockPartDefinition": "GD_Weap_AssaultRifle.Stock.AR_Stock_Torgue",
            "ElementalPartDefinition": "GD_Weap_AssaultRifle.elemental.AR_Elemental_None",
            "Accessory1PartDefinition": "GD_Weap_AssaultRifle.Accessory.AR_Accessory_BanditClamp_Damage",
            "Accessory2PartDefinition": "None",
            "MaterialPartDefinition": "GD_Weap_AssaultRifle.ManufacturerMaterials.Mat_Dahl_3_Guardian",
            "PrefixPartDefinition": "GD_Weap_AssaultRifle.Name.Prefix_Dahl.Prefix_BanditClamp_Damage",
            "TitlePartDefinition": "GD_Weap_AssaultRifle.Name.Title.Title_Unique_Guardian",
            "GameStage": 50,
            "UniqueId": 1798050911
        },
        {
            "WeaponTypeDefinition": "GD_Weap_Pistol.A_Weapons.WeaponType_Vladof_Pistol",
            "BalanceDefinition": "GD_Weap_Pistol.A_Weapons_Unique.Pistol_Vladof_3_Uke",
            "ManufacturerDefinition": "GD_Manufacturers.Manufacturers.Vladof",
            "ManufacturerGradeIndex": 50,
            "BodyPartDefinition": "GD_Weap_Pistol.Body.Pistol_Body_Vladof_3",
            "GripPartDefinition": "GD_Weap_Pistol.Grip.Pistol_Grip_Maliwan",
            "BarrelPartDefinition": "GD_Weap_Pistol.Barrel.Pistol_Barrel_Hyperion_Uke",
            "SightPartDefinition": "GD_Weap_Pistol.Sight.Pistol_Sight_Dahl",
            "StockPartDefinition": "None",
            "ElementalPartDefinition": "GD_Weap_Pistol.elemental.Pistol_Elemental_Shock",
            "Accessory1PartDefinition": "GD_Weap_Pistol.Accessory.Pistol_Accessory_None",
            "Accessory2PartDefinition": "None",
            "MaterialPartDefinition": "GD_Weap_Pistol.ManufacturerMaterials.Mat_Vladof_3_Uke",
            "PrefixPartDefinition": "GD_Weap_Pistol.Name.Prefix_Vladof.Prefix_Elemental_Shock",
            "TitlePartDefinition": "GD_Weap_Pistol.Name.Title.Title__Unique_Uke",
            "GameStage": 50,
            "UniqueId": 614286633
        },
        {
            "WeaponTypeDefinition": "GD_Weap_Shotgun.A_Weapons.WT_Torgue_Shotgun",
            "BalanceDefinition": "GD_Weap_Shotgun.A_Weapons_Unique.SG_Torgue_3_BoomStick",
            "ManufacturerDefinition": "GD_Manufacturers.Manufacturers.Torgue",
            "ManufacturerGradeIndex": 50,
            "BodyPartDefinition": "GD_Weap_Shotgun.Body.SG_Body_Torgue_3",
            "GripPartDefinition": "GD_Weap_Shotgun.Grip.SG_Grip_Torgue",
            "BarrelPartDefinition": "GD_Weap_Shotgun.Barrel.SG_Barrel_Jakobs_BoomStick",
            "SightPartDefinition": "GD_Weap_Shotgun.Sight.SG_Sight_None",
            "StockPartDefinition": "GD_Weap_Shotgun.Stock.SG_Stock_Tediore",
            "ElementalPartDefinition": "None",
            "Accessory1PartDefinition": "GD_Weap_Shotgun.Accessory.SG_Accessory_None",
            "Accessory2PartDefinition": "None",
            "MaterialPartDefinition": "GD_Weap_Shotgun.ManufacturerMaterials.Mat_Torgue_3_BoomStick",
            "PrefixPartDefinition": "GD_Weap_Shared_Names.Name.Prefix_Torgue.Prefix_Grip_Torgue",
            "TitlePartDefinition": "GD_Weap_Shotgun.Name.Title.Title__Unique_BoomStick",
            "GameStage": 50,
            "UniqueId": 751840032
        },
        {
            "WeaponTypeDefinition": "GD_Weap_AssaultRifle.A_Weapons.WT_Vladof_AssaultRifle",
            "BalanceDefinition": "GD_Weap_AssaultRifle.A_Weapons_Unique.AR_Vladof_3_Caduceus",
            "ManufacturerDefinition": "GD_Manufacturers.Manufacturers.Vladof",
            "ManufacturerGradeIndex": 50,
            "BodyPartDefinition": "GD_Weap_AssaultRifle.Body.AR_Body_Vladof_3",
            "GripPartDefinition": "GD_Weap_AssaultRifle.Grip.AR_Grip_Jakobs",
            "BarrelPartDefinition": "GD_Weap_AssaultRifle.Barrel.AR_Barrel_Dahl_Caduceus",
            "SightPartDefinition": "GD_Weap_AssaultRifle.Sight.AR_Sight_None",
            "StockPartDefinition": "GD_Weap_AssaultRifle.Stock.AR_Stock_Jakobs",
            "ElementalPartDefinition": "GD_Weap_AssaultRifle.elemental.AR_Elemental_None",
            "Accessory1PartDefinition": "GD_Weap_AssaultRifle.Accessory.AR_Accessory_None",
            "Accessory2PartDefinition": "None",
            "MaterialPartDefinition": "GD_Weap_AssaultRifle.ManufacturerMaterials.Mat_Vladof_3_Caduceus",
            "PrefixPartDefinition": "GD_Weap_Shared_Names.Name.Prefix_Vladof.Prefix_Grip_Jakobs",
            "TitlePartDefinition": "GD_Weap_AssaultRifle.Name.Title.Title_Unique_Caduceus",
            "GameStage": 50,
            "UniqueId": 1081021253
        },
        {
            "WeaponTypeDefinition": "GD_Weap_AssaultRifle.A_Weapons.WT_Bandit_AssaultRifle",
            "BalanceDefinition": "GD_Weap_AssaultRifle.A_Weapons_Legendary.AR_Bandit_5_Ramos",
            "ManufacturerDefinition": "GD_Manufacturers.Manufacturers.Bandit",
            "ManufacturerGradeIndex": 50,
            "BodyPartDefinition": "GD_Weap_AssaultRifle.Body.AR_Body_Bandit_4",
            "GripPartDefinition": "GD_Weap_AssaultRifle.Grip.AR_Grip_Vladof",
            "BarrelPartDefinition": "GD_Weap_AssaultRifle.Barrel.AR_Barrel_Bandit_Ramos",
            "SightPartDefinition": "GD_Weap_AssaultRifle.Sight.AR_Sight_Torgue",
            "StockPartDefinition": "GD_Weap_AssaultRifle.Stock.AR_Stock_Torgue",
            "ElementalPartDefinition": "GD_Weap_AssaultRifle.elemental.AR_Elemental_None",
            "Accessory1PartDefinition": "GD_Weap_AssaultRifle.Accessory.AR_Accessory_BanditClamp_Damage",
            "Accessory2PartDefinition": "None",
            "MaterialPartDefinition": "GD_Weap_AssaultRifle.ManufacturerMaterials.Mat_BanditMade_5_Ramos",
            "PrefixPartDefinition": "GD_Weap_AssaultRifle.Name.Prefix_Bandit.Prefix_BanditClamp_Damage",
            "TitlePartDefinition": "GD_Weap_AssaultRifle.Name.Title_Bandit.Title_Legendary_Ramos",
            "GameStage": 50,
            "UniqueId": 635240513
        },
        {
            "WeaponTypeDefinition": "GD_Weap_SMG.A_Weapons.WT_SMG_Hyperion",
            "BalanceDefinition": "GD_Weap_SMG.A_Weapons_Unique.SMG_Hyperion_3_Energizer",
            "ManufacturerDefinition": "GD_Manufacturers.Manufacturers.Hyperion",
            "ManufacturerGradeIndex": 50,
            "BodyPartDefinition": "GD_Weap_SMG.Body.SMG_Body_Hyperion_VarB",
            "GripPartDefinition": "GD_Weap_SMG.Grip.SMG_Grip_Maliwan",
            "BarrelPartDefinition": "GD_Weap_SMG.Barrel.SMG_Barrel_Tediore_Energizer",
            "SightPartDefinition": "GD_Weap_SMG.Sight.SMG_Sight_None",
            "StockPartDefinition": "GD_Weap_SMG.Stock.SMG_Stock_Hyperion",
            "ElementalPartDefinition": "GD_Weap_SMG.elemental.SMG_Elemental_Shock",
            "Accessory1PartDefinition": "GD_Weap_SMG.Accessory.SMG_Accessory_None",
            "Accessory2PartDefinition": "None",
            "MaterialPartDefinition": "GD_Weap_SMG.ManufacturerMaterials.Mat_Hyperion_3_Energizer",
            "PrefixPartDefinition": "GD_Weap_SMG.Name.Prefix_Hyperion.Prefix_Elemental_Shock",
            "TitlePartDefinition": "GD_Weap_SMG.Name.Title.Title__Unique_Energizer",
            "GameStage": 50,
            "UniqueId": 476446922
        },
        {
            "WeaponTypeDefinition": "GD_Weap_Pistol.A_Weapons.WeaponType_Maliwan_Pistol",
            "BalanceDefinition": "GD_Weap_Pistol.A_Weapons_Unique.Pistol_Maliwan_3_RescueGirl",
            "ManufacturerDefinition": "GD_Manufacturers.Manufacturers.Maliwan",
            "ManufacturerGradeIndex": 50,
            "BodyPartDefinition": "GD_Weap_Pistol.Body.Pistol_Body_Maliwan_3",
            "GripPartDefinition": "GD_Weap_Pistol.Grip.Pistol_Grip_Jakobs",
            "BarrelPartDefinition": "GD_Weap_Pistol.Barrel.Pistol_Barrel_Maliwan_RescueGirl",
            "SightPartDefinition": "GD_Weap_Pistol.Sight.Pistol_Sight_None",
            "StockPartDefinition": "None",
            "ElementalPartDefinition": "GD_Weap_Pistol.elemental.Pistol_Elemental_Shock",
            "Accessory1PartDefinition": "GD_Weap_Pistol.Accessory.Pistol_Accessory_None",
            "Accessory2PartDefinition": "None",
            "MaterialPartDefinition": "GD_Weap_Pistol.ManufacturerMaterials.Mat_Maliwan_3_RescueGirl",
            "PrefixPartDefinition": "GD_Weap_Pistol.Name.Prefix_Maliwan.Prefix_Elemental_Shock",
            "TitlePartDefinition": "GD_Weap_Pistol.Name.Title.Title__Unique_RescueGirl",
            "GameStage": 50,
            "UniqueId": 612134144
        },
        {
            "WeaponTypeDefinition": "GD_Weap_SniperRifles.A_Weapons.WeaponType_Dahl_Sniper",
            "BalanceDefinition": "GD_Weap_SniperRifles.A_Weapons_Unique.Sniper_Dahl_3_Lodestone",
            "ManufacturerDefinition": "GD_Manufacturers.Manufacturers.Dahl",
            "ManufacturerGradeIndex": 50,
            "BodyPartDefinition": "GD_Weap_SniperRifles.Body.SR_Body_Dahl_3",
            "GripPartDefinition": "GD_Weap_SniperRifles.Grip.SR_Grip_Maliwan",
            "BarrelPartDefinition": "GD_Weap_SniperRifles.Barrel.SR_Barrel_Dahl_Lodestone",
            "SightPartDefinition": "GD_Weap_SniperRifles.Sight.Sniper_Sight_Dahl",
            "StockPartDefinition": "GD_Weap_SniperRifles.Stock.SR_Stock_Maliwan",
            "ElementalPartDefinition": "GD_Weap_SniperRifles.elemental.SR_Elemental_Shock",
            "Accessory1PartDefinition": "GD_Weap_SniperRifles.Accessory.Sniper_Accessory_Mount2_FireRate",
            "Accessory2PartDefinition": "None",
            "MaterialPartDefinition": "GD_Weap_SniperRifles.ManufacturerMaterials.Material_Dahl_3_Lodestone",
            "PrefixPartDefinition": "GD_Weap_SniperRifles.Name.Prefix_Dahl.Prefix_Mount2_FireRate",
            "TitlePartDefinition": "GD_Weap_SniperRifles.Name.Title.Title__Unique_Lodestone",
            "GameStage": 50,
            "UniqueId": 1164969367
        },
        {
            "WeaponTypeDefinition": "GD_Weap_SniperRifles.A_Weapons.WeaponType_Maliwan_Sniper",
            "BalanceDefinition": "GD_Weap_SniperRifles.A_Weapons_Legendary.Sniper_Maliwan_5_Burst",
            "ManufacturerDefinition": "GD_Manufacturers.Manufacturers.Maliwan",
            "ManufacturerGradeIndex": 50,
            "BodyPartDefinition": "GD_Weap_SniperRifles.Body.SR_Body_Maliwan_4",
            "GripPartDefinition": "GD_Weap_SniperRifles.Grip.SR_Grip_Vladof",
            "BarrelPartDefinition": "GD_Weap_SniperRifles.Barrel.SR_Barrel_Maliwan_Burst",
            "SightPartDefinition": "GD_Weap_SniperRifles.Sight.Sniper_Sight_Maliwan",
            "StockPartDefinition": "GD_Weap_SniperRifles.Stock.SR_Stock_Dahl",
            "ElementalPartDefinition": "GD_Weap_SniperRifles.elemental.SR_Elemental_Slag",
            "Accessory1PartDefinition": "GD_Weap_SniperRifles.Accessory.Sniper_Accessory_Mount2_FireRate",
            "Accessory2PartDefinition": "None",
            "MaterialPartDefinition": "GD_Weap_SniperRifles.ManufacturerMaterials.Material_Maliwan_5_Burst",
            "PrefixPartDefinition": "GD_Weap_SniperRifles.Name.Prefix_Maliwan.Prefix_Mount2_FireRate",
            "TitlePartDefinition": "GD_Weap_SniperRifles.Name.Title_Maliwan.Title_Legendary_Burst",
            "GameStage": 50,
            "UniqueId": 1261335604
        },
        {
            "WeaponTypeDefinition": "GD_Weap_Pistol.A_Weapons.WeaponType_Jakobs_Pistol",
            "BalanceDefinition": "GD_Weap_Pistol.A_Weapons_Unique.Pistol_Jakobs_3_Venuz",
            "ManufacturerDefinition": "GD_Manufacturers.Manufacturers.Jakobs",
            "ManufacturerGradeIndex": 50,
            "BodyPartDefinition": "GD_Weap_Pistol.Body.Pistol_Body_Jakobs_3",
            "GripPartDefinition": "GD_Weap_Pistol.Grip.Pistol_Grip_Jakobs",
            "BarrelPartDefinition": "GD_Weap_Pistol.Barrel.Pistol_Barrel_Tediore_Venuz",
            "SightPartDefinition": "GD_Weap_Pistol.Sight.Pistol_Sight_None",
            "StockPartDefinition": "None",
            "ElementalPartDefinition": "None",
            "Accessory1PartDefinition": "GD_Weap_Pistol.Accessory.Pistol_Accessory_None",
            "Accessory2PartDefinition": "None",
            "MaterialPartDefinition": "GD_Weap_Pistol.ManufacturerMaterials.Mat_Jakobs_3_Venuz",
            "PrefixPartDefinition": "GD_Weap_Shared_Names.Name.Prefix_Jakobs.Prefix_Grip_Jakobs",
            "TitlePartDefinition": "GD_Weap_Pistol.Name.Title.Title__Unique_Venuz",
            "GameStage": 50,
            "UniqueId": 812855663
        },
        {
            "WeaponTypeDefinition": "GD_Weap_Launchers.A_Weapons.WT_Maliwan_Launcher",
            "BalanceDefinition": "GD_Weap_Launchers.A_Weapons_Legendary.RL_Maliwan_5_WorldOnFire",
            "ManufacturerDefinition": "GD_Manufacturers.Manufacturers.Maliwan",
            "ManufacturerGradeIndex": 50,
            "BodyPartDefinition": "GD_Weap_Launchers.Body.L_Body_Maliwan_4",
            "GripPartDefinition": "GD_Weap_Launchers.Grip.L_Grip_Maliwan",
            "BarrelPartDefinition": "GD_Weap_Launchers.Barrel.L_Barrel_Maliwan_WorldOnFire",
            "SightPartDefinition": "GD_Weap_Launchers.Sight.RL_Sight_Bandit",
            "StockPartDefinition": "GD_Weap_Launchers.Exhaust.L_Exhaust_Vladof",
            "ElementalPartDefinition": "GD_Weap_Launchers.elemental.RL_Elemental_Fire",
            "Accessory1PartDefinition": "GD_Weap_Launchers.Accessory.RL_Accessory_Gripper_Reload",
            "Accessory2PartDefinition": "None",
            "MaterialPartDefinition": "GD_Weap_Launchers.ManufacturerMaterials.Mat_Maliwan_5_WorldOnFire",
            "PrefixPartDefinition": "GD_Weap_Launchers.Name.Prefix_Maliwan.Prefix_Gripper_Reload",
            "TitlePartDefinition": "GD_Weap_Launchers.Name.Title_Maliwan.Title_Legendary_WorldOnFire",
            "GameStage": 50,
            "UniqueId": 1898793085
        },
        {
            "WeaponTypeDefinition": "GD_Weap_Launchers.A_Weapons.WT_Vladof_Launcher",
            "BalanceDefinition": "GD_Weap_Launchers.A_Weapons_Legendary.RL_Vladof_5_Matryoshka",
            "ManufacturerDefinition": "GD_Manufacturers.Manufacturers.Vladof",
            "ManufacturerGradeIndex": 50,
            "BodyPartDefinition": "GD_Weap_Launchers.Body.L_Body_Vladof_4",
            "GripPartDefinition": "GD_Weap_Launchers.Grip.L_Grip_Vladof",
            "BarrelPartDefinition": "GD_Weap_Launchers.Barrel.L_Barrel_Vladof_Matryoshka",
            "SightPartDefinition": "GD_Weap_Launchers.Sight.RL_Sight_Maliwan",
            "StockPartDefinition": "GD_Weap_Launchers.Exhaust.L_Exhaust_Vladof",
            "ElementalPartDefinition": "GD_Weap_Launchers.elemental.RL_Elemental_None",
            "Accessory1PartDefinition": "GD_Weap_Launchers.Accessory.RL_Accessory_StockTube_FireRate",
            "Accessory2PartDefinition": "None",
            "MaterialPartDefinition": "GD_Weap_Launchers.ManufacturerMaterials.Mat_Vladof_5_Matryoshka",
            "PrefixPartDefinition": "GD_Weap_Launchers.Name.Prefix_Vladof.Prefix_StockTube_FireRate",
            "TitlePartDefinition": "GD_Weap_Launchers.Name.Title_Vladof.Title_Legendary_Matryoshka",
            "GameStage": 50,
            "UniqueId": 1091056739
        },
        {
            "WeaponTypeDefinition": "GD_Weap_SniperRifles.A_Weapons.WeaponType_Maliwan_Sniper",
            "BalanceDefinition": "GD_Orchid_BossWeapons.SniperRifles.Sniper_Maliwan_3_Helix",
            "ManufacturerDefinition": "GD_Manufacturers.Manufacturers.Maliwan",
            "ManufacturerGradeIndex": 50,
            "BodyPartDefinition": "GD_Weap_SniperRifles.Body.SR_Body_Maliwan_3",
            "GripPartDefinition": "GD_Weap_SniperRifles.Grip.SR_Grip_Vladof",
            "BarrelPartDefinition": "GD_Orchid_BossWeapons.SniperRifles.SR_Barrel_Dahl_Helix",
            "SightPartDefinition": "GD_Weap_SniperRifles.Sight.Sniper_Sight_Dahl",
            "StockPartDefinition": "GD_Weap_SniperRifles.Stock.SR_Stock_Hyperion",
            "ElementalPartDefinition": "GD_Weap_SniperRifles.elemental.SR_Elemental_Slag",
            "Accessory1PartDefinition": "GD_Weap_SniperRifles.Accessory.Sniperl_Accessory_None",
            "Accessory2PartDefinition": "None",
            "MaterialPartDefinition": "GD_Orchid_BossWeapons.ManufacturerMaterials.Mat_Maliwan_3_Helix",
            "PrefixPartDefinition": "GD_Weap_SniperRifles.Name.Prefix_Maliwan.Prefix_Elemental_Slag",
            "TitlePartDefinition": "GD_Orchid_BossWeapons.Name.Title.Title__Unique_Helix",
            "GameStage": 50,
            "UniqueId": 887107771
        },
        {
            "WeaponTypeDefinition": "GD_Weap_Shotgun.A_Weapons.WT_Hyperion_Shotgun",
            "BalanceDefinition": "GD_Weap_Shotgun.A_Weapons_Unique.SG_Hyperion_3_Nomad",
            "ManufacturerDefinition": "GD_Manufacturers.Manufacturers.Hyperion",
            "ManufacturerGradeIndex": 50,
            "BodyPartDefinition": "GD_Weap_Shotgun.Body.SG_Body_Hyperion_3",
            "GripPartDefinition": "GD_Weap_Shotgun.Grip.SG_Grip_Hyperion",
            "BarrelPartDefinition": "GD_Weap_Shotgun.Barrel.SG_Barrel_Tediore_Nomad",
            "SightPartDefinition": "GD_Weap_Shotgun.Sight.SG_Sight_Torgue",
            "StockPartDefinition": "GD_Weap_Shotgun.Stock.SG_Stock_Hyperion",
            "ElementalPartDefinition": "GD_Weap_Shotgun.elemental.Shotgun_Elemental_None",
            "Accessory1PartDefinition": "GD_Weap_Shotgun.Accessory.SG_Accessory_None",
            "Accessory2PartDefinition": "None",
            "MaterialPartDefinition": "GD_Weap_Shotgun.ManufacturerMaterials.Mat_Hyperion_3_Nomad",
            "PrefixPartDefinition": "GD_Weap_Shared_Names.Name.Prefix_Hyperion.Prefix_Grip_Hyperion",
            "TitlePartDefinition": "GD_Weap_Shotgun.Name.Title.Title__Unique_Nomad",
            "GameStage": 50,
            "UniqueId": 1445467075
        },
        {
            "WeaponTypeDefinition": "GD_Weap_Pistol.A_Weapons.WeaponType_Bandit_Pistol",
            "BalanceDefinition": "GD_Weap_Pistol.A_Weapons_Legendary.Pistol_Bandit_5_Thanatos",
            "ManufacturerDefinition": "GD_Manufacturers.Manufacturers.Bandit",
            "ManufacturerGradeIndex": 50,
            "BodyPartDefinition": "GD_Weap_Pistol.Body.Pistol_Body_Bandit_4",
            "GripPartDefinition": "GD_Weap_Pistol.Grip.Pistol_Grip_Hyperion",
            "BarrelPartDefinition": "GD_Weap_Pistol.Barrel.Pistol_Barrel_Bandit_Thanatos",
            "SightPartDefinition": "GD_Weap_Pistol.Sight.Pistol_Sight_Torgue",
            "StockPartDefinition": "None",
            "ElementalPartDefinition": "GD_Weap_Pistol.elemental.Pistol_Elemental_None",
            "Accessory1PartDefinition": "GD_Weap_Pistol.Accessory.Pistol_Accessory_Tech_3_Firerate",
            "Accessory2PartDefinition": "None",
            "MaterialPartDefinition": "GD_Weap_Pistol.ManufacturerMaterials.Mat_Bandit_5_Thanatos",
            "PrefixPartDefinition": "GD_Weap_Pistol.Name.Prefix_Bandit.Prefix_Tech3_Firerate",
            "TitlePartDefinition": "GD_Weap_Pistol.Name.Title_Bandit.Title_Legendary_Thanatos",
            "GameStage": 50,
            "UniqueId": 676476489
        },
        {
            "WeaponTypeDefinition": "GD_Weap_Launchers.A_Weapons.WT_Bandit_Launcher",
            "BalanceDefinition": "GD_Weap_Launchers.A_Weapons_Legendary.RL_Bandit_5_RocketJumper",
            "ManufacturerDefinition": "GD_Manufacturers.Manufacturers.Bandit",
            "ManufacturerGradeIndex": 50,
            "BodyPartDefinition": "GD_Weap_Launchers.Body.L_Body_Bandit_4",
            "GripPartDefinition": "GD_Weap_Launchers.Grip.L_Grip_Torgue",
            "BarrelPartDefinition": "GD_Weap_Launchers.Barrel.L_Barrel_Bandit_RocketJumper",
            "SightPartDefinition": "GD_Weap_Launchers.Sight.RL_Sight_Torgue",
            "StockPartDefinition": "GD_Weap_Launchers.Exhaust.L_Exhaust_Bandit",
            "ElementalPartDefinition": "GD_Weap_Launchers.elemental.RL_Elemental_None",
            "Accessory1PartDefinition": "GD_Weap_Launchers.Accessory.RL_Accessory_StockCover_RocketSpeed",
            "Accessory2PartDefinition": "None",
            "MaterialPartDefinition": "GD_Weap_Launchers.ManufacturerMaterials.Mat_BanditMade_5_RocketJumper",
            "PrefixPartDefinition": "GD_Weap_Launchers.Name.Prefix_Bandit.Prefix_StockCover_RocketSpeed",
            "TitlePartDefinition": "GD_Weap_Launchers.Name.Title_Bandit.Title_Legendary_RocketJumper",
            "GameStage": 50,
            "UniqueId": 1474521910
        },
        {
            "WeaponTypeDefinition": "GD_Weap_AssaultRifle.A_Weapons.WT_Vladof_AssaultRifle",
            "BalanceDefinition": "GD_Weap_AssaultRifle.A_Weapons_Legendary.AR_Vladof_5_Balance",
            "ManufacturerDefinition": "GD_Manufacturers.Manufacturers.Vladof",
            "ManufacturerGradeIndex": 50,
            "BodyPartDefinition": "GD_Weap_AssaultRifle.Body.AR_Body_Vladof_4",
            "GripPartDefinition": "GD_Weap_AssaultRifle.Grip.AR_Grip_Dahl",
            "BarrelPartDefinition": "GD_Weap_AssaultRifle.Barrel.AR_Barrel_Brimstone",
            "SightPartDefinition": "GD_Weap_AssaultRifle.Sight.AR_Sight_None",
            "StockPartDefinition": "GD_Weap_AssaultRifle.Stock.AR_Stock_Dahl",
            "ElementalPartDefinition": "GD_Weap_AssaultRifle.elemental.AR_Elemental_None",
            "Accessory1PartDefinition": "GD_Weap_AssaultRifle.Accessory.AR_Accessory_Shroud2_Accuracy",
            "Accessory2PartDefinition": "None",
            "MaterialPartDefinition": "GD_Weap_AssaultRifle.ManufacturerMaterials.Mat_Vladof_1_Brimstone",
            "PrefixPartDefinition": "GD_Weap_AssaultRifle.Name.Prefix_Vladof.Prefix_Shroud2_Accuracy",
            "TitlePartDefinition": "GD_Weap_AssaultRifle.Name.Title_Vladof.Title_Legendary_Brimstone",
            "GameStage": 50,
            "UniqueId": 301224104
        },
        {
            "WeaponTypeDefinition": "GD_Weap_Shotgun.A_Weapons.WT_Hyperion_Shotgun",
            "BalanceDefinition": "GD_Weap_Shotgun.A_Weapons_Unique.SG_Hyperion_3_InfinityII",
            "ManufacturerDefinition": "GD_Manufacturers.Manufacturers.Hyperion",
            "ManufacturerGradeIndex": 50,
            "BodyPartDefinition": "GD_Weap_Shotgun.Body.SG_Body_Hyperion_3",
            "GripPartDefinition": "GD_Weap_Shotgun.Grip.SG_Grip_Hyperion",
            "BarrelPartDefinition": "GD_Weap_Shotgun.Barrel.SG_Barrel_Hyperion_InfinityII",
            "SightPartDefinition": "GD_Weap_Shotgun.Sight.SG_Sight_None",
            "StockPartDefinition": "GD_Weap_Shotgun.Stock.SG_Stock_Hyperion",
            "ElementalPartDefinition": "GD_Weap_Shotgun.elemental.Shotgun_Elemental_None",
            "Accessory1PartDefinition": "GD_Weap_Shotgun.Accessory.SG_Accessory_None",
            "Accessory2PartDefinition": "None",
            "MaterialPartDefinition": "GD_Weap_Shotgun.ManufacturerMaterials.Mat_Hyperion_3_InfinityII",
            "PrefixPartDefinition": "GD_Weap_Shared_Names.Name.Prefix_Hyperion.Prefix_Grip_Hyperion",
            "TitlePartDefinition": "GD_Weap_Shotgun.Name.Title.Title__Unique_InfinityII",
            "GameStage": 50,
            "UniqueId": 59916274
        },
        {
            "WeaponTypeDefinition": "GD_Weap_SMG.A_Weapons.WT_SMG_Hyperion",
            "BalanceDefinition": "GD_Weap_SMG.A_Weapons_Legendary.SMG_Hyperion_5_Crossroad",
            "ManufacturerDefinition": "GD_Manufacturers.Manufacturers.Hyperion",
            "ManufacturerGradeIndex": 50,
            "BodyPartDefinition": "GD_Weap_SMG.Body.SMG_Body_Hyperion_VarC",
            "GripPartDefinition": "GD_Weap_SMG.Grip.SMG_Grip_Maliwan",
            "BarrelPartDefinition": "GD_Weap_SMG.Barrel.SMG_Barrel_Hyperion_Crossroad",
            "SightPartDefinition": "GD_Weap_SMG.Sight.SMG_Sight_Maliwan",
            "StockPartDefinition": "GD_Weap_SMG.Stock.SMG_Stock_Dahl",
            "ElementalPartDefinition": "GD_Weap_SMG.elemental.SMG_Elemental_Corrosive",
            "Accessory1PartDefinition": "GD_Weap_SMG.Accessory.SMG_Accessory_Body1_Accurate",
            "Accessory2PartDefinition": "None",
            "MaterialPartDefinition": "GD_Weap_SMG.ManufacturerMaterials.Mat_Hyperion_5_Crossroad",
            "PrefixPartDefinition": "GD_Weap_SMG.Name.Prefix_Hyperion.Prefix_Body1_Accurate",
            "TitlePartDefinition": "GD_Weap_SMG.Name.Title_Hyperion.Title_Legendary_Crossroad",
            "GameStage": 50,
            "UniqueId": 581765063
        },
        {
            "WeaponTypeDefinition": "GD_Weap_SMG.A_Weapons.WT_SMG_Dahl",
            "BalanceDefinition": "GD_Weap_SMG.A_Weapons_Unique.SMG_Dahl_3_TrashPanda",
            "ManufacturerDefinition": "GD_Manufacturers.Manufacturers.Dahl",
            "ManufacturerGradeIndex": 50,
            "BodyPartDefinition": "GD_Weap_SMG.Body.SMG_Body_Dahl_VarB",
            "GripPartDefinition": "GD_Weap_SMG.Grip.SMG_Grip_Tediore",
            "BarrelPartDefinition": "GD_Weap_SMG.Barrel.SMG_Barrel_Bandit_TrashPanda",
            "SightPartDefinition": "GD_Weap_SMG.Sight.SMG_Sight_Hyperion",
            "StockPartDefinition": "GD_Weap_SMG.Stock.SMG_Stock_Bandit",
            "ElementalPartDefinition": "GD_Weap_SMG.elemental.SMG_Elemental_None",
            "Accessory1PartDefinition": "GD_Weap_SMG.Accessory.SMG_Accessory_None",
            "Accessory2PartDefinition": "None",
            "MaterialPartDefinition": "GD_Weap_SMG.ManufacturerMaterials.Mat_Dahl_3_TrashPanda",
            "PrefixPartDefinition": "GD_Weap_Shared_Names.Name.Prefix_Dahl.Prefix_Grip_Tediore",
            "TitlePartDefinition": "GD_Weap_SMG.Name.Title.Title__Unique_TrashPanda",
            "GameStage": 50,
            "UniqueId": 884363701
        },
        {
            "WeaponTypeDefinition": "GD_Weap_SMG.A_Weapons.WT_SMG_Dahl",
            "BalanceDefinition": "GD_Weap_SMG.A_Weapons_Legendary.SMG_Dahl_5_Sunflash",
            "ManufacturerDefinition": "GD_Manufacturers.Manufacturers.Dahl",
            "ManufacturerGradeIndex": 50,
            "BodyPartDefinition": "GD_Weap_SMG.Body.SMG_Body_Dahl_VarC",
            "GripPartDefinition": "GD_Weap_SMG.Grip.SMG_Grip_Bandit",
            "BarrelPartDefinition": "GD_Weap_SMG.Barrel.SMG_Barrel_Dahl_Sunflash",
            "SightPartDefinition": "GD_Weap_SMG.Sight.SMG_Sight_Hyperion",
            "StockPartDefinition": "GD_Weap_SMG.Stock.SMG_Stock_Dahl",
            "ElementalPartDefinition": "GD_Weap_SMG.elemental.SMG_Elemental_None",
            "Accessory1PartDefinition": "GD_Weap_SMG.Accessory.SMG_Accessory_Body2_Damage",
            "Accessory2PartDefinition": "None",
            "MaterialPartDefinition": "GD_Weap_SMG.ManufacturerMaterials.Mat_Dahl_5_Sunflash",
            "PrefixPartDefinition": "GD_Weap_SMG.Name.Prefix_Dahl.Prefix_Body2_Damage",
            "TitlePartDefinition": "GD_Weap_SMG.Name.Title.Title_Legendary_Dahl_Sunflash",
            "GameStage": 50,
            "UniqueId": 1361909367
        },
        {
            "WeaponTypeDefinition": "GD_Weap_SMG.A_Weapons.WT_SMG_Maliwan",
            "BalanceDefinition": "GD_Weap_SMG.A_Weapons_Unique.SMG_Maliwan_3_Degreaser",
            "ManufacturerDefinition": "GD_Manufacturers.Manufacturers.Maliwan",
            "ManufacturerGradeIndex": 50,
            "BodyPartDefinition": "GD_Weap_SMG.Body.SMG_Body_Maliwan_VarC",
            "GripPartDefinition": "GD_Weap_SMG.Grip.SMG_Grip_Tediore",
            "BarrelPartDefinition": "GD_Weap_SMG.Barrel.SMG_Barrel_Maliwan_Degreaser",
            "SightPartDefinition": "GD_Weap_SMG.Sight.SMG_Sight_Hyperion",
            "StockPartDefinition": "GD_Weap_SMG.Stock.SMG_Stock_Tediore",
            "ElementalPartDefinition": "GD_Weap_SMG.elemental.SMG_Elemental_Fire",
            "Accessory1PartDefinition": "GD_Weap_SMG.Accessory.SMG_Accessory_None",
            "Accessory2PartDefinition": "None",
            "MaterialPartDefinition": "GD_Weap_SMG.ManufacturerMaterials.Mat_Maliwan_3_Degreaser",
            "PrefixPartDefinition": "GD_Weap_SMG.Name.Prefix_Maliwan.Prefix_Elemental_Incendiary",
            "TitlePartDefinition": "GD_Weap_SMG.Name.Title.Title__Unique_Degreaser",
            "GameStage": 50,
            "UniqueId": 11628469
        },
        {
            "WeaponTypeDefinition": "GD_Weap_SniperRifles.A_Weapons.WeaponType_Dahl_Sniper",
            "BalanceDefinition": "GD_Weap_SniperRifles.A_Weapons_Unique.Sniper_Dahl_3_Intervention",
            "ManufacturerDefinition": "GD_Manufacturers.Manufacturers.Dahl",
            "ManufacturerGradeIndex": 50,
            "BodyPartDefinition": "GD_Weap_SniperRifles.Body.SR_Body_Dahl_3",
            "GripPartDefinition": "GD_Weap_SniperRifles.Grip.SR_Grip_Hyperion",
            "BarrelPartDefinition": "GD_Weap_SniperRifles.Barrel.SR_Barrel_Dahl_Intervention",
            "SightPartDefinition": "GD_Weap_SniperRifles.Sight.Sniper_Sight_Dahl",
            "StockPartDefinition": "GD_Weap_SniperRifles.Stock.SR_Stock_Dahl",
            "ElementalPartDefinition": "GD_Weap_SniperRifles.elemental.SR_Elemental_None",
            "Accessory1PartDefinition": "GD_Anemone_Weap_SniperRifles.Accessory.Sniper_Accessory_Bipod1_Accuracy",
            "Accessory2PartDefinition": "None",
            "MaterialPartDefinition": "GD_Weap_SniperRifles.ManufacturerMaterials.Material_Dahl_3_Intervention",
            "PrefixPartDefinition": "GD_Anemone_Weap_SniperRifles.Name.Prefix_Dahl.Prefix_Bipod1_Accuracy",
            "TitlePartDefinition": "GD_Weap_SniperRifles.Name.Title.Title__Unique_Intervention",
            "GameStage": 50,
            "UniqueId": 1015158713
        },
        {
            "WeaponTypeDefinition": "GD_Weap_SniperRifles.A_Weapons.WeaponType_Hyperion_Sniper",
            "BalanceDefinition": "GD_Weap_SniperRifles.A_Weapons_Unique.Sniper_Hyperion_3_LongestYard",
            "ManufacturerDefinition": "GD_Manufacturers.Manufacturers.Hyperion",
            "ManufacturerGradeIndex": 50,
            "BodyPartDefinition": "GD_Weap_SniperRifles.Body.SR_Body_Hyperion_3",
            "GripPartDefinition": "GD_Weap_SniperRifles.Grip.SR_Grip_Vladof",
            "BarrelPartDefinition": "GD_Weap_SniperRifles.Barrel.SR_Barrel_Dahl_LongestYard",
            "SightPartDefinition": "GD_Weap_SniperRifles.Sight.Sniper_Sight_Hyperion_LongestYard",
            "StockPartDefinition": "GD_Weap_SniperRifles.Stock.SR_Stock_Dahl",
            "ElementalPartDefinition": "GD_Weap_SniperRifles.elemental.SR_Elemental_None",
            "Accessory1PartDefinition": "GD_Weap_SniperRifles.Accessory.Sniper_Accessory_Mount2_FireRate",
            "Accessory2PartDefinition": "None",
            "MaterialPartDefinition": "GD_Weap_SniperRifles.ManufacturerMaterials.Material_Hyperion_3_LongestYard",
            "PrefixPartDefinition": "GD_Weap_SniperRifles.Name.Prefix_Hyperion.Prefix_Mount2_FireRate",
            "TitlePartDefinition": "GD_Weap_SniperRifles.Name.Title.Title__Unique_LongestYard",
            "GameStage": 50,
            "UniqueId": 677608807
        },
        {
            "WeaponTypeDefinition": "GD_Weap_Launchers.A_Weapons.WT_Bandit_Launcher",
            "BalanceDefinition": "GD_Weap_Launchers.A_Weapons_Unique.RL_Bandit_3_Eightball",
            "ManufacturerDefinition": "GD_Manufacturers.Manufacturers.Bandit",
            "ManufacturerGradeIndex": 50,
            "BodyPartDefinition": "GD_Weap_Launchers.Body.L_Body_Bandit_3",
            "GripPartDefinition": "GD_Weap_Launchers.Grip.L_Grip_Torgue",
            "BarrelPartDefinition": "GD_Weap_Launchers.Barrel.L_Barrel_Tediore_Eightball",
            "SightPartDefinition": "GD_Weap_Launchers.Sight.RL_Sight_Vladof",
            "StockPartDefinition": "GD_Weap_Launchers.Exhaust.L_Exhaust_Vladof",
            "ElementalPartDefinition": "GD_Weap_Launchers.elemental.RL_Elemental_None",
            "Accessory1PartDefinition": "GD_Weap_Launchers.Accessory.RL_Accessory_None",
            "Accessory2PartDefinition": "None",
            "MaterialPartDefinition": "GD_Weap_Launchers.ManufacturerMaterials.Mat_BanditMade_3_Eightball",
            "PrefixPartDefinition": "GD_Weap_Shared_Names.Name.Prefix_Bandit.Prefix_Grip_Torgue",
            "TitlePartDefinition": "GD_Weap_Launchers.Name.Title.Title__Unique_Eightball",
            "GameStage": 50,
            "UniqueId": 9137236
        }
    ],
    "Itm_Equipped": [],
    "Items": [],
    "Bank": {}
}